id,mean,2.50%,50%,97.50%,n_na,temp
1,59.95828442,53.15939129,59.73226088,68.21267407,16,17
2,59.74585546,53.01862077,59.52474253,67.88565715,16,17.01
3,59.53536396,52.88042391,59.3177125,67.56458862,16,17.02
4,59.32546173,52.73983034,59.11377599,67.24974736,16,17.03
5,59.11682773,52.6011889,58.91013917,66.93157557,16,17.04
6,58.90943211,52.4643057,58.70566167,66.61347652,16,17.05
7,58.70278341,52.33133402,58.5037545,66.29886832,16,17.06
8,58.49829032,52.19163659,58.30683814,65.98224238,16,17.07
9,58.29416521,52.05604996,58.10406846,65.67642733,16,17.08
10,58.0914647,51.92286931,57.90559116,65.36495115,15,17.09
11,57.89002421,51.79608555,57.7125812,65.06158342,15,17.1
12,57.68972618,51.65917523,57.51533043,64.74879576,15,17.11
13,57.49056498,51.52653884,57.3205753,64.45257595,15,17.12
14,57.29250777,51.39032101,57.12605666,64.15927457,15,17.13
15,57.09553663,51.25687477,56.93655028,63.86988895,15,17.14
16,56.89965889,51.12362277,56.75276273,63.57712803,15,17.15
17,56.70484977,51.00218618,56.56038435,63.29065422,15,17.16
18,56.51060598,50.86603725,56.37411218,63.00142745,14,17.17
19,56.31791251,50.72610567,56.1856203,62.72324587,14,17.18
20,56.12236783,50.58722337,55.99829175,62.45325519,13,17.19
21,55.93554947,50.45154604,55.80809341,62.17661553,14,17.2
22,55.7458729,50.3226602,55.62499316,61.90597014,14,17.21
23,55.55654011,50.18536848,55.44211659,61.62936872,13,17.22
24,55.36863567,50.05559853,55.25704915,61.35148547,13,17.23
25,55.18130243,49.92534056,55.07436267,61.08303001,12,17.24
26,54.99551527,49.79798258,54.89368646,60.81267201,12,17.25
27,54.81123943,49.67140587,54.71382009,60.55588981,13,17.26
28,54.62729834,49.55097764,54.53098778,60.29875299,13,17.27
29,54.44427876,49.42798031,54.35531137,60.04709585,13,17.28
30,54.26215172,49.31171655,54.17952862,59.8007349,13,17.29
31,54.08090905,49.19043676,54.00226539,59.56211354,13,17.3
32,53.89979858,49.06155939,53.81878248,59.31112116,11,17.31
33,53.72078124,48.93466711,53.64253995,59.06904778,12,17.32
34,53.54214047,48.80154991,53.46595992,58.81570102,12,17.33
35,53.36434013,48.66987766,53.29115023,58.56961554,12,17.34
36,53.18735631,48.54059878,53.11612945,58.32771324,12,17.35
37,53.01120378,48.41572677,52.94141767,58.09039596,12,17.36
38,52.8358605,48.29309781,52.76760305,57.84503952,12,17.37
39,52.66131607,48.16785348,52.59574567,57.60481762,12,17.38
40,52.48718537,48.04224452,52.41845766,57.37443766,11,17.39
41,52.31458309,47.91669817,52.24821253,57.14415288,12,17.4
42,52.14237463,47.79056071,52.07726465,56.91104112,12,17.41
43,51.97066402,47.66043764,51.91179962,56.67594408,11,17.42
44,51.80022528,47.53350006,51.74272703,56.44183813,12,17.43
45,51.63027129,47.41194496,51.5748524,56.216763,12,17.44
46,51.46105597,47.29131142,51.40872992,55.99851463,12,17.45
47,51.29252986,47.16504171,51.24123085,55.76218023,12,17.46
48,51.12474449,47.03571464,51.0739015,55.53552876,12,17.47
49,50.95765508,46.91263341,50.91343025,55.31323066,12,17.48
50,50.79074517,46.78560552,50.75068555,55.0902514,11,17.49
51,50.62521398,46.65418973,50.58820357,54.85848854,11,17.5
52,50.45946703,46.52482487,50.42297268,54.62720233,10,17.51
53,50.29512307,46.39983285,50.26173699,54.40697098,10,17.52
54,50.13144261,46.27803041,50.09742047,54.19135978,10,17.53
55,49.96842103,46.15807395,49.93725164,53.96781189,10,17.54
56,49.80604174,46.03917018,49.77103032,53.75175194,10,17.55
57,49.6442264,45.91270792,49.61073765,53.53960259,9,17.56
58,49.48320516,45.78882718,49.45137946,53.32110231,10,17.57
59,49.31800043,45.66130741,49.29408878,53.11611938,10,17.58
60,49.16287634,45.54238409,49.1335933,52.90970841,10,17.59
61,49.00363686,45.41665251,48.97834207,52.69052528,10,17.6
62,48.8450014,45.28785817,48.82203642,52.48399528,10,17.61
63,48.68619667,45.15954114,48.66569616,52.28360196,9,17.62
64,48.52812435,45.0307681,48.51084175,52.08268019,8,17.63
65,48.37128695,44.90975483,48.35602737,51.88674993,8,17.64
66,48.21387987,44.78744138,48.2032215,51.68769615,9,17.65
67,48.05935422,44.67323742,48.04846148,51.48819137,8,17.66
68,47.90424773,44.55161652,47.8906317,51.28736083,8,17.67
69,47.74919399,44.43080101,47.73719051,51.09028465,7,17.68
70,47.59522035,44.31524844,47.58339658,50.89877966,7,17.69
71,47.44151823,44.1931631,47.43224498,50.70475068,6,17.7
72,47.28399838,44.0741714,47.28180597,50.52179705,6,17.71
73,47.13582529,43.96034322,47.12928111,50.3281432,5,17.72
74,46.9818105,43.83469723,46.9780696,50.13403245,4,17.73
75,46.82624972,43.70150212,46.82796979,49.93959185,4,17.74
76,46.68124104,43.58700585,46.67731228,49.74698535,3,17.75
77,46.52622638,43.46687714,46.52834267,49.55933669,2,17.76
78,46.37977977,43.3531378,46.37951035,49.36611116,2,17.77
79,46.23197555,43.23886995,46.23067617,49.18203308,2,17.78
80,46.08352381,43.1165471,46.08524226,48.99834924,2,17.79
81,45.93087984,42.99911448,45.93641003,48.81288874,2,17.8
82,45.78778548,42.88777266,45.78869749,48.63053574,2,17.81
83,45.64081088,42.76914548,45.64190444,48.45072818,2,17.82
84,45.49425345,42.65288736,45.49630172,48.26741231,2,17.83
85,45.34819834,42.53561057,45.35135751,48.09178701,2,17.84
86,45.19803555,42.41882371,45.2063841,47.91460722,2,17.85
87,45.05758114,42.3091806,45.06554251,47.74044904,2,17.86
88,44.91301479,42.1911496,44.92137625,47.56981133,2,17.87
89,44.76891229,42.06916163,44.77606337,47.3926986,2,17.88
90,44.62533672,41.94843522,44.63551262,47.21635897,2,17.89
91,44.48256804,41.83572158,44.49333348,47.04016737,3,17.9
92,44.33964389,41.72093765,44.35163934,46.8654976,2,17.91
93,44.19747364,41.60627647,44.21154025,46.69439794,1,17.92
94,44.05582641,41.49029847,44.07124415,46.52852411,1,17.93
95,43.91462985,41.37524396,43.93086046,46.35802365,1,17.94
96,43.77396915,41.26271609,43.79111825,46.1905273,1,17.95
97,43.63377255,41.15241283,43.65201876,46.03042661,1,17.96
98,43.4940202,41.03112675,43.51230047,45.8654819,1,17.97
99,43.35150454,40.91970972,43.37309701,45.69737037,1,17.98
100,43.2115063,40.80276987,43.23300989,45.53131199,1,17.99
101,43.07449426,40.69495112,43.09619794,45.37499282,1,18
102,42.93981692,40.58225651,42.9571088,45.2090158,1,18.01
103,42.80232091,40.47060461,42.81889674,45.04560161,0,18.02
104,42.66542725,40.35657057,42.68207325,44.88377699,0,18.03
105,42.52898928,40.23968895,42.5444671,44.72227469,0,18.04
106,42.39302761,40.12724825,42.40791315,44.56173158,0,18.05
107,42.25753393,40.01450365,42.27306904,44.40200136,0,18.06
108,42.12250799,39.90145937,42.13704889,44.24293614,0,18.07
109,41.98795125,39.78746684,42.00327736,44.08475725,0,18.08
110,41.85386259,39.67505314,41.86929569,43.92719904,0,18.09
111,41.72024067,39.56233478,41.7357666,43.76948614,0,18.1
112,41.58708657,39.44855761,41.60269827,43.61122026,0,18.11
113,41.45439925,39.33560565,41.4730756,43.45595921,0,18.12
114,41.32217898,39.22401626,41.34087935,43.301141,0,18.13
115,41.19042821,39.11156854,41.20426177,43.14802109,0,18.14
116,41.05914317,39.00012986,41.07256777,42.99757149,0,18.15
117,40.92832741,38.89306049,40.94106349,42.83792509,0,18.16
118,40.79509807,38.78161656,40.80893832,42.68529382,0,18.17
119,40.6680984,38.67351398,40.67887486,42.53464567,0,18.18
120,40.53868732,38.56190773,40.55126599,42.38546512,0,18.19
121,40.40739418,38.4505353,40.42142154,42.23748052,0,18.2
122,40.28127167,38.35359163,40.29386757,42.09224861,0,18.21
123,40.15326877,38.24660029,40.16671393,41.94687455,0,18.22
124,40.02573585,38.13808797,40.03843838,41.80302721,0,18.23
125,39.89867329,38.03372975,39.9098887,41.6612984,0,18.24
126,39.77208324,37.92567364,39.78439565,41.51565129,0,18.25
127,39.64596444,37.8187452,39.65765817,41.36948687,0,18.26
128,39.52031699,37.70930768,39.53236261,41.22483733,0,18.27
129,39.39514403,37.6027047,39.40707669,41.08029679,0,18.28
130,39.26755864,37.49668957,39.28262839,40.94231484,0,18.29
131,39.14621694,37.38959756,39.15867834,40.80421619,0,18.3
132,39.02246407,37.28396671,39.03389044,40.66173183,0,18.31
133,38.89678316,37.17598359,38.91017679,40.51648038,0,18.32
134,38.77638594,37.07098928,38.78793229,40.38034054,0,18.33
135,38.65406253,36.96594269,38.6646133,40.24273475,0,18.34
136,38.53221555,36.85837209,38.54393177,40.10386517,0,18.35
137,38.41084558,36.75107993,38.42364767,39.96889197,0,18.36
138,38.28995292,36.64319981,38.30300275,39.82999463,0,18.37
139,38.16954041,36.5379673,38.18251147,39.69194476,0,18.38
140,38.04960787,36.4361341,38.06254785,39.55125262,0,18.39
141,37.93015343,36.33506354,37.94219189,39.4216457,0,18.4
142,37.8111809,36.23418934,37.82281532,39.2869798,0,18.41
143,37.69268899,36.13693244,37.7053846,39.14967401,0,18.42
144,37.57467814,36.03574757,37.58812863,39.01228205,0,18.43
145,37.45714953,35.93252899,37.46930749,38.87694288,0,18.44
146,37.34010385,35.8310103,37.35041954,38.74333283,0,18.45
147,37.22354097,35.72929448,37.23293802,38.6117932,0,18.46
148,37.10746186,35.62253533,37.1190195,38.47903603,0,18.47
149,36.99186689,35.52391096,37.00298893,38.34893336,0,18.48
150,36.87675615,35.42164664,36.88778122,38.2227788,0,18.49
151,36.76213013,35.32093642,36.77335213,38.09733277,0,18.5
152,36.64798951,35.22367986,36.65966141,37.97215723,0,18.51
153,36.5343343,35.12326692,36.54525397,37.84590699,0,18.52
154,36.4211649,35.02182619,36.43168943,37.72138669,0,18.53
155,36.30848166,34.92226443,36.31909384,37.59526505,0,18.54
156,36.1962849,34.8227462,36.20753274,37.4723414,0,18.55
157,36.08457468,34.72686085,36.09622281,37.34780133,0,18.56
158,35.97335138,34.6320873,35.98533583,37.22832048,0,18.57
159,35.86261513,34.53315571,35.87399313,37.10978332,0,18.58
160,35.75236621,34.43785604,35.76209834,36.98677354,0,18.59
161,35.64260104,34.34300752,35.65145201,36.86041259,0,18.6
162,35.53333012,34.2481881,35.54145751,36.7401729,0,18.61
163,35.42453839,34.15271966,35.43162957,36.61923186,0,18.62
164,35.31623787,34.05637645,35.32260712,36.50176751,0,18.63
165,35.20843228,33.96050704,35.2150878,36.38778177,0,18.64
166,35.10109102,33.8652399,35.10819149,36.27221176,0,18.65
167,34.99427116,33.76974159,35.00200218,36.15421302,0,18.66
168,34.88791623,33.67065354,34.89523681,36.03853264,0,18.67
169,34.78204876,33.57713015,34.7901484,35.92090644,0,18.68
170,34.67667364,33.48392046,34.68442998,35.80550071,0,18.69
171,34.57175193,33.39047137,34.58112252,35.69137332,0,18.7
172,34.46738482,33.29442122,34.4757997,35.57863011,0,18.71
173,34.36347315,33.20038713,34.3724878,35.4615873,0,18.72
174,34.26004558,33.11159341,34.26793222,35.34631968,0,18.73
175,34.15710532,33.01455428,34.16491403,35.23503979,0,18.74
176,34.05463894,32.92313532,34.06249641,35.12509704,0,18.75
177,33.95267413,32.8322562,33.95987482,35.01509295,0,18.76
178,33.85118042,32.73764121,33.85704715,34.90440252,0,18.77
179,33.7501701,32.64131314,33.7543586,34.79526862,0,18.78
180,33.64965915,32.54824431,33.65373858,34.68621711,0,18.79
181,33.54962204,32.45731431,33.55336547,34.57790287,0,18.8
182,33.45006688,32.37105244,33.45322186,34.47123918,0,18.81
183,33.35099366,32.28304986,33.35394058,34.3643297,0,18.82
184,33.25240196,32.19646916,33.25481717,34.2599195,0,18.83
185,33.15429091,32.10646267,33.15658082,34.15593377,0,18.84
186,33.05665998,32.01870994,33.05936378,34.04797774,0,18.85
187,32.9595084,31.92939988,32.96283224,33.94285154,0,18.86
188,32.8628354,31.84244151,32.86585226,33.8419246,0,18.87
189,32.76664039,31.75402196,32.76962258,33.7356972,0,18.88
190,32.67092242,31.66542627,32.67290519,33.63212793,0,18.89
191,32.57568066,31.5762302,32.57744459,33.53105499,0,18.9
192,32.48091435,31.4842862,32.48238076,33.42728244,0,18.91
193,32.38662254,31.40246546,32.38860328,33.32563462,0,18.92
194,32.29280439,31.31321083,32.29506045,33.2264817,0,18.93
195,32.19945892,31.22767351,32.20254159,33.12800374,0,18.94
196,32.10658513,31.14332582,32.11021075,33.02935386,0,18.95
197,32.01418204,31.06062077,32.01805896,32.93059654,0,18.96
198,31.92224869,30.9711759,31.92532117,32.83276969,0,18.97
199,31.83078401,30.88195289,31.8342,32.73391888,0,18.98
200,31.73978681,30.79609979,31.74305777,32.63655805,0,18.99
201,31.64925615,30.71435398,31.65214314,32.54222015,0,19
202,31.55895406,30.6305626,31.56206786,32.44746987,0,19.01
203,31.46958974,30.54865715,31.47185818,32.35414027,0,19.02
204,31.38045167,30.46633762,31.38287888,32.25982439,0,19.03
205,31.29161826,30.38768423,31.29343186,32.16669199,0,19.04
206,31.20355964,30.30646034,31.20669586,32.0731175,0,19.05
207,31.1158033,30.22453592,31.11910342,31.97862415,0,19.06
208,31.02821936,30.1423149,31.03178736,31.88499186,0,19.07
209,30.94135991,30.06025566,30.94505774,31.79583883,0,19.08
210,30.85527742,29.98162454,30.85864798,31.70544612,0,19.09
211,30.76916352,29.90213364,30.77244655,31.61541525,0,19.1
212,30.68330912,29.82256505,30.68624577,31.52416348,0,19.11
213,30.59883818,29.74362415,30.60135871,31.43574083,0,19.12
214,30.51426013,29.66507648,30.51695524,31.34879169,0,19.13
215,30.42961865,29.5820388,30.43305078,31.25771803,0,19.14
216,30.34614476,29.51029007,30.34895532,31.16713972,0,19.15
217,30.26305402,29.431319,30.26627211,31.08092107,0,19.16
218,30.1804182,29.3552164,30.18399851,30.99433146,0,19.17
219,30.09806783,29.27830301,30.10120426,30.90723823,0,19.18
220,30.01615843,29.20051193,30.01896122,30.82188287,0,19.19
221,29.93468851,29.12531871,29.93746609,30.73509642,0,19.2
222,29.85365639,29.05008421,29.8562081,30.64843353,0,19.21
223,29.7730606,28.97391265,29.77550531,30.56397188,0,19.22
224,29.69289941,28.89910573,29.69578944,30.47974511,0,19.23
225,29.61317126,28.8256987,29.61653789,30.395713,0,19.24
226,29.53387448,28.75226541,29.53685085,30.31191549,0,19.25
227,29.45500037,28.67878377,29.45806862,30.23081942,0,19.26
228,29.37656929,28.6038224,29.37908723,30.14740773,0,19.27
229,29.29855547,28.53033167,29.30125886,30.06565653,0,19.28
230,29.22096725,28.45773678,29.22326568,29.98151794,0,19.29
231,29.14378725,28.38373156,29.14615698,29.90081186,0,19.3
232,29.06705754,28.31339678,29.06911585,29.81938513,0,19.31
233,28.99071571,28.24025664,28.99249647,29.73909002,0,19.32
234,28.91481779,28.16770675,28.91624753,29.65990431,0,19.33
235,28.83931916,28.09471104,28.84081671,29.58121619,0,19.34
236,28.76425402,28.02331586,28.76577605,29.50314156,0,19.35
237,28.68959041,27.95001662,28.69104659,29.42587065,0,19.36
238,28.61533441,27.88068207,28.6170248,29.34934271,0,19.37
239,28.54147921,27.80825695,28.54350617,29.27326031,0,19.38
240,28.46803602,27.73871517,28.46963848,29.19798861,0,19.39
241,28.39500842,27.66831644,28.39665035,29.12219966,0,19.4
242,28.32237828,27.60087409,28.32369263,29.04827774,0,19.41
243,28.2501442,27.53222313,28.25144941,28.97275222,0,19.42
244,28.17830616,27.465016,28.18003704,28.89681689,0,19.43
245,28.10686868,27.39743354,28.10883813,28.8236388,0,19.44
246,28.0358319,27.32970823,28.03856698,28.74950502,0,19.45
247,27.96518314,27.26227551,27.96767026,28.67369373,0,19.46
248,27.8949254,27.19429002,27.89654183,28.59975824,0,19.47
249,27.82505673,27.12954528,27.82605592,28.52431388,0,19.48
250,27.75557515,27.0617135,27.75676834,28.45167505,0,19.49
251,27.68647862,26.99507449,27.68802501,28.37950321,0,19.5
252,27.61776515,26.92784514,27.61942868,28.30768766,0,19.51
253,27.54943274,26.86145741,27.55098998,28.23708574,0,19.52
254,27.48147933,26.79840115,27.48360365,28.16755268,0,19.53
255,27.41390286,26.73293503,27.41641659,28.09703704,0,19.54
256,27.34670131,26.66616627,27.34945272,28.02904405,0,19.55
257,27.27987265,26.60104032,27.28257311,27.95931557,0,19.56
258,27.21341475,26.53677735,27.21664948,27.88855953,0,19.57
259,27.14732561,26.4760469,27.15062802,27.82065932,0,19.58
260,27.0816031,26.41495047,27.0849327,27.75142414,0,19.59
261,27.01624514,26.35176272,27.01960257,27.68342907,0,19.6
262,26.95124969,26.28835716,26.95413734,27.61594663,0,19.61
263,26.88661454,26.22492199,26.88906375,27.54858894,0,19.62
264,26.82233773,26.16266015,26.82510272,27.48159628,0,19.63
265,26.75841707,26.10061827,26.7620704,27.41520291,0,19.64
266,26.69485043,26.03708635,26.69794075,27.3498908,0,19.65
267,26.63163573,25.97627262,26.63418485,27.2837327,0,19.66
268,26.56877085,25.91693332,26.57116593,27.21812176,0,19.67
269,26.50625365,25.8554457,26.50857124,27.15329945,0,19.68
270,26.44408198,25.79650702,26.44654441,27.08860633,0,19.69
271,26.38225376,25.73835533,26.38469331,27.02393676,0,19.7
272,26.32076681,25.67989787,26.32350299,26.96061563,0,19.71
273,26.25961901,25.61746023,26.26315264,26.89559635,0,19.72
274,26.19880822,25.55733229,26.20244737,26.83271021,0,19.73
275,26.13833232,25.4971426,26.14169584,26.76962449,0,19.74
276,26.07818911,25.44063949,26.08152743,26.70543912,0,19.75
277,26.01837651,25.38355316,26.02197699,26.6426982,0,19.76
278,25.9588923,25.32731616,25.96237914,26.57995715,0,19.77
279,25.8997344,25.26977971,25.90370218,26.51879935,0,19.78
280,25.84090067,25.21248376,25.84435348,26.45702753,0,19.79
281,25.78238893,25.1576954,25.78558354,26.39592015,0,19.8
282,25.72419705,25.10225521,25.72741204,26.33477755,0,19.81
283,25.66632287,25.04667401,25.66974419,26.27424864,0,19.82
284,25.60875762,24.99113778,25.61223189,26.21405517,0,19.83
285,25.5515191,24.9348425,25.55454791,26.15495142,0,19.84
286,25.49458521,24.8804662,25.49747899,26.09582766,0,19.85
287,25.4379582,24.82684701,25.44033266,26.037644,0,19.86
288,25.38163396,24.77213825,25.38355204,25.98023062,0,19.87
289,25.32562457,24.71580258,25.32683574,25.922181,0,19.88
290,25.26991994,24.66151603,25.27120056,25.86404977,0,19.89
291,25.21450756,24.60734022,25.21568987,25.80625669,0,19.9
292,25.15939637,24.55381084,25.16050165,25.74997363,0,19.91
293,25.10458159,24.5002736,25.10558347,25.69286498,0,19.92
294,25.05005145,24.44896482,25.05072899,25.63723987,0,19.93
295,24.99581531,24.39642703,24.99662514,25.58121998,0,19.94
296,24.94187994,24.34328089,24.94263396,25.52640442,0,19.95
297,24.88823991,24.29239224,24.88845924,25.47204654,0,19.96
298,24.83486509,24.24038777,24.83548369,25.41708288,0,19.97
299,24.78180496,24.18874314,24.78229417,25.36240378,0,19.98
300,24.72898915,24.13837425,24.72964113,25.30828371,0,19.99
301,24.67647492,24.08843945,24.67701315,25.25306011,0,20
302,24.62424026,24.0384156,24.62466345,25.19739394,0,20.01
303,24.57228078,23.98910068,24.57265016,25.1434994,0,20.02
304,24.52058514,23.93946145,24.52059995,25.09041812,0,20.03
305,24.46916236,23.89036129,24.46943732,25.03646942,0,20.04
306,24.41801259,23.84211633,24.41849221,24.98349811,0,20.05
307,24.36713247,23.79326502,24.36771668,24.93051897,0,20.06
308,24.31650946,23.74449492,24.31739251,24.87916473,0,20.07
309,24.26615853,23.69642074,24.26676098,24.82675747,0,20.08
310,24.21606456,23.64853835,24.21671774,24.77525084,0,20.09
311,24.16622992,23.60089666,24.16743774,24.72418667,0,20.1
312,24.11665265,23.55253856,24.11783554,24.67288355,0,20.11
313,24.0673257,23.50520303,24.06907788,24.6218326,0,20.12
314,24.01826224,23.45840266,24.01971373,24.57255472,0,20.13
315,23.96944519,23.41142276,23.97053108,24.52334688,0,20.14
316,23.92087764,23.36369248,23.92157505,24.47365172,0,20.15
317,23.87255764,23.31711706,23.87354398,24.42330977,0,20.16
318,23.82448328,23.26978307,23.82598725,24.37381811,0,20.17
319,23.77665262,23.2253163,23.77827599,24.32394943,0,20.18
320,23.72906377,23.17956366,23.73106953,24.27465002,0,20.19
321,23.68171483,23.13342523,23.68383347,24.22639077,0,20.2
322,23.63460389,23.08739255,23.63644305,24.17851693,0,20.21
323,23.58772911,23.04174733,23.58919809,24.13022679,0,20.22
324,23.54108859,22.99830297,23.54237953,24.08088864,0,20.23
325,23.49468051,22.95393741,23.49597211,24.03326874,0,20.24
326,23.44850299,22.90962704,23.45007687,23.98599022,0,20.25
327,23.40255423,22.86549106,23.40413659,23.93882464,0,20.26
328,23.35683237,22.82221871,23.35841046,23.88976509,0,20.27
329,23.31133564,22.77877039,23.31280115,23.84278925,0,20.28
330,23.26606225,22.73535289,23.26724047,23.79656822,0,20.29
331,23.22101038,22.691778,23.22236988,23.75058001,0,20.3
332,23.17617826,22.64949309,23.17737029,23.70210215,0,20.31
333,23.13146912,22.60654287,23.13264495,23.6545333,0,20.32
334,23.08716633,22.56205923,23.08828923,23.60921386,0,20.33
335,23.04214797,22.51837554,23.04433137,23.56411925,0,20.34
336,22.99901246,22.47617809,23.00046999,23.5185526,0,20.35
337,22.95460782,22.43206989,22.95680426,23.4744025,0,20.36
338,22.91162871,22.38881254,22.91301313,23.43025468,0,20.37
339,22.86836049,22.34613858,22.86992456,23.38585257,0,20.38
340,22.82522415,22.30534414,22.82701132,23.34069739,0,20.39
341,22.78190249,22.26331464,22.78480152,23.29685472,0,20.4
342,22.73794603,22.22156187,22.74175667,23.25283207,0,20.41
343,22.69646664,22.18161343,22.69925572,23.20908416,0,20.42
344,22.65457457,22.13950304,22.65731405,23.16576679,0,20.43
345,22.61179849,22.09833424,22.61501173,23.12259123,0,20.44
346,22.56971093,22.0577066,22.57295548,23.08010981,0,20.45
347,22.52712274,22.0165836,22.53073125,23.03705952,0,20.46
348,22.48735269,21.97883008,22.4895009,22.99397708,0,20.47
349,22.4457542,21.93869218,22.44824662,22.95157856,0,20.48
350,22.40462143,21.90007338,22.40725143,22.90997287,0,20.49
351,22.36379389,21.86169476,22.36593256,22.8683895,0,20.5
352,22.32258084,21.82239437,22.32520949,22.82522725,0,20.51
353,22.28202833,21.78330426,22.2847073,22.78304287,0,20.52
354,22.24179439,21.74290751,22.24431193,22.74140957,0,20.53
355,22.2017135,21.70439426,22.20406686,22.69921632,0,20.54
356,22.16174215,21.6660056,22.16421594,22.6563951,0,20.55
357,22.12177092,21.62603574,22.12424932,22.61481331,0,20.56
358,22.08216285,21.58891792,22.08418252,22.5746032,0,20.57
359,22.04263914,21.55089846,22.0454496,22.53390619,0,20.58
360,22.00329059,21.51346651,22.00613751,22.49406993,0,20.59
361,21.96411605,21.47456331,21.96668586,22.45430715,0,20.6
362,21.92511404,21.43711075,21.92761762,22.41449249,0,20.61
363,21.88618914,21.39989323,21.88846455,22.37396677,0,20.62
364,21.84762043,21.36378857,21.85011189,22.33560045,0,20.63
365,21.80912639,21.32730201,21.81133742,22.29588118,0,20.64
366,21.77080028,21.28826414,21.77350546,22.25668346,0,20.65
367,21.73263866,21.25094962,21.73503837,22.2185871,0,20.66
368,21.69464076,21.21567609,21.6971178,22.17869035,0,20.67
369,21.65680642,21.178549,21.65911433,22.14082885,0,20.68
370,21.61913475,21.14138656,21.62173003,22.10133153,0,20.69
371,21.58162294,21.10428898,21.58423313,22.06262829,0,20.7
372,21.54427001,21.0675628,21.54675371,22.02480335,0,20.71
373,21.50707534,21.03189354,21.50936149,21.98593546,0,20.72
374,21.47003591,20.9963135,21.47240273,21.94850343,0,20.73
375,21.43107721,20.95989746,21.43577216,21.9107243,0,20.74
376,21.39642256,20.92470411,21.3990314,21.8725721,0,20.75
377,21.35984456,20.88865743,21.36239733,21.83476312,0,20.76
378,21.32133981,20.8535748,21.32585236,21.7978396,0,20.77
379,21.28714753,20.81873184,21.28946757,21.76020419,0,20.78
380,21.24894141,20.78182192,21.25315069,21.72337534,0,20.79
381,21.21298665,20.7469919,21.21723787,21.68672294,0,20.8
382,21.17921576,20.71248607,21.18146689,21.6501934,0,20.81
383,21.13937465,20.67733054,21.14591794,21.61302695,0,20.82
384,21.10589083,20.64322214,21.11024049,21.57640121,0,20.83
385,21.06843985,20.60870366,21.07490278,21.54031603,0,20.84
386,21.02907158,20.57361602,21.03943984,21.50454095,0,20.85
387,21.00223096,20.54087475,21.0044708,21.46846135,0,20.86
388,20.96522338,20.50694243,20.9692932,21.4325518,0,20.87
389,20.92620335,20.47271252,20.93377275,21.39605277,0,20.88
390,20.89158717,20.4393659,20.89941692,21.36046869,0,20.89
391,20.86317487,20.40664043,20.86501536,21.32453808,0,20.9
392,20.82875359,20.37365942,20.83097136,21.28930497,0,20.91
393,20.79446723,20.34021358,20.79710366,21.25297253,0,20.92
394,20.75828184,20.30683623,20.76313062,21.21800343,0,20.93
395,20.72629539,20.27404043,20.72946873,21.18389084,0,20.94
396,20.688344,20.24139889,20.69516045,21.14886984,0,20.95
397,20.65661137,20.20878335,20.66139703,21.11387672,0,20.96
398,20.62502466,20.17641127,20.62770082,21.07942192,0,20.97
399,20.59152702,20.14365863,20.59440906,21.04457699,0,20.98
400,20.5581574,20.11089221,20.56114975,21.00989592,0,20.99
401,20.52491484,20.07862516,20.52759592,20.97567736,0,21
402,20.4917984,20.04619752,20.49475546,20.94206508,0,21.01
403,20.45880714,20.01460627,20.4620861,20.9071007,0,21.02
404,20.42594014,19.98216544,20.42931971,20.87284912,0,21.03
405,20.39319648,19.95014545,20.39673341,20.84022178,0,21.04
406,20.36057526,19.91832094,20.36397836,20.807907,0,21.05
407,20.32807557,19.88682191,20.33141415,20.77495071,0,21.06
408,20.29569653,19.85608974,20.29898982,20.74115059,0,21.07
409,20.26343726,19.82495068,20.26687149,20.70760762,0,21.08
410,20.23129689,19.7937696,20.23458955,20.67446111,0,21.09
411,20.19927457,19.76226464,20.20249362,20.64079289,0,21.1
412,20.16736943,19.7318168,20.17064477,20.60743943,0,21.11
413,20.13558063,19.70101801,20.13879879,20.57413163,0,21.12
414,20.10390734,19.67065962,20.10701415,20.54137874,0,21.13
415,20.07234874,19.64030329,20.0751183,20.50919869,0,21.14
416,20.040904,19.60966265,20.04357631,20.47734072,0,21.15
417,20.00957232,19.57910471,20.01236951,20.44453907,0,21.16
418,19.9783529,19.54913234,19.98096225,20.41363242,0,21.17
419,19.94724494,19.51914284,19.94997745,20.3830825,0,21.18
420,19.91624767,19.48889682,19.91884019,20.35137501,0,21.19
421,19.8853603,19.45869556,19.88748417,20.31939573,0,21.2
422,19.85458206,19.42864985,19.85651585,20.28793547,0,21.21
423,19.82391221,19.3995074,19.82568687,20.25589329,0,21.22
424,19.79334998,19.36930641,19.79502023,20.22511772,0,21.23
425,19.76289463,19.33993743,19.76425847,20.19462522,0,21.24
426,19.73254542,19.31125333,19.73380544,20.16322614,0,21.25
427,19.70230163,19.28136612,19.70364236,20.13288365,0,21.26
428,19.67216254,19.25226417,19.67346485,20.10210044,0,21.27
429,19.64089218,19.2228619,19.64328682,20.07174229,0,21.28
430,19.61219558,19.19355703,19.61380524,20.04141656,0,21.29
431,19.58236631,19.16474388,19.58374346,20.01066888,0,21.3
432,19.55263893,19.13634026,19.5542918,19.980091,0,21.31
433,19.52301274,19.10803503,19.52460466,19.94970123,0,21.32
434,19.49348707,19.07954634,19.49465624,19.92034898,0,21.33
435,19.46406125,19.0502344,19.46513931,19.88958562,0,21.34
436,19.43473461,19.02175385,19.43542555,19.85909032,0,21.35
437,19.40550645,18.99318524,19.40586555,19.82873764,0,21.36
438,19.37637627,18.96526536,19.37666335,19.79964749,0,21.37
439,19.34734318,18.93715886,19.34761751,19.76961696,0,21.38
440,19.31708202,18.90892135,19.31861832,19.7395052,0,21.39
441,19.28956641,18.88115462,19.28981931,19.70984216,0,21.4
442,19.2608213,18.85345569,19.261027,19.68063071,0,21.41
443,19.23099738,18.82487063,19.23216049,19.65095785,0,21.42
444,19.20361464,18.79747104,19.20344294,19.62158327,0,21.43
445,19.172448,18.76743717,19.17506472,19.59298546,0,21.44
446,19.14548232,18.7410425,19.14669543,19.56342752,0,21.45
447,19.11850444,18.71378327,19.11837835,19.5342284,0,21.46
448,19.08652526,18.68490468,19.09007154,19.50583659,0,21.47
449,19.05948163,18.65776535,19.06174642,19.47690549,0,21.48
450,19.03298104,18.63167278,19.03371414,19.44828122,0,21.49
451,19.00630556,18.60545297,19.00584453,19.41882014,0,21.5
452,18.97848085,18.57745539,18.97809506,19.39022414,0,21.51
453,18.9507449,18.54984254,18.9504091,19.36125035,0,21.52
454,18.92052807,18.52213744,18.9229446,19.33271218,0,21.53
455,18.89553742,18.49594392,18.89582484,19.30472043,0,21.54
456,18.86669533,18.46933273,18.86853235,19.27642135,0,21.55
457,18.83960767,18.44281199,18.84153287,19.24838297,0,21.56
458,18.81337898,18.41812182,18.81411535,19.21984182,0,21.57
459,18.78616461,18.39196617,18.78682004,19.19080104,0,21.58
460,18.75772483,18.36427808,18.75928326,19.16218099,0,21.59
461,18.73199194,18.33877203,18.73241652,19.13467009,0,21.6
462,18.70503153,18.31330216,18.70511622,19.10584838,0,21.61
463,18.67815438,18.28619118,18.67818333,19.07782368,0,21.62
464,18.65136135,18.26142061,18.65132656,19.05050787,0,21.63
465,18.62465033,18.23667212,18.62462225,19.0236595,0,21.64
466,18.5980206,18.21047042,18.59798781,18.99682635,0,21.65
467,18.57147293,18.18502095,18.57164398,18.97049838,0,21.66
468,18.5450079,18.15951328,18.54496424,18.94340498,0,21.67
469,18.51862198,18.13393491,18.51876367,18.91649638,0,21.68
470,18.49231641,18.1092044,18.4926481,18.88991676,0,21.69
471,18.46609079,18.08421384,18.46621848,18.86343481,0,21.7
472,18.43994448,18.05836137,18.44009028,18.83604827,0,21.71
473,18.41387735,18.03225053,18.41394199,18.80939758,0,21.72
474,18.38788819,18.00702583,18.38827777,18.78226572,0,21.73
475,18.36197607,17.98339859,18.36241995,18.7549803,0,21.74
476,18.33614237,17.95832241,18.33641231,18.72775297,0,21.75
477,18.31038514,17.93325157,18.31052162,18.70180711,0,21.76
478,18.28470551,17.90877372,18.28455225,18.67534447,0,21.77
479,18.25910144,17.88295695,18.2591393,18.64921026,0,21.78
480,18.23357202,17.85811967,18.23388199,18.62364041,0,21.79
481,18.20811974,17.8327264,18.20824408,18.59776049,0,21.8
482,18.18274109,17.80754979,18.18259054,18.57212161,0,21.81
483,18.157437,17.78266507,18.1575378,18.54652666,0,21.82
484,18.13220818,17.75786046,18.13233802,18.51976196,0,21.83
485,18.10705192,17.73368353,18.10721392,18.49437267,0,21.84
486,18.08196916,17.70935547,18.08195458,18.46841516,0,21.85
487,18.05695924,17.68490285,18.05677886,18.44251567,0,21.86
488,18.03202159,17.66036726,18.03171012,18.41699146,0,21.87
489,18.00715686,17.63606447,18.00672635,18.3916215,0,21.88
490,17.98236171,17.61089029,17.98187799,18.36669712,0,21.89
491,17.9576391,17.58654747,17.95706612,18.34101585,0,21.9
492,17.93298816,17.56263942,17.93245304,18.31567209,0,21.91
493,17.90840636,17.53811851,17.90774663,18.2904349,0,21.92
494,17.88389497,17.51477776,17.88311208,18.26484971,0,21.93
495,17.85945315,17.4903581,17.85864713,18.23921995,0,21.94
496,17.8350808,17.46693103,17.83423667,18.21539373,0,21.95
497,17.81077769,17.44286521,17.80989123,18.19068974,0,21.96
498,17.78654348,17.41976699,17.785748,18.16490979,0,21.97
499,17.76237678,17.39557651,17.76155814,18.14047221,0,21.98
500,17.73827881,17.37235408,17.73754001,18.11615712,0,21.99
501,17.71424819,17.34851886,17.7133635,18.092408,0,22
502,17.69028423,17.32478047,17.68934758,18.06802532,0,22.01
503,17.66632439,17.301057,17.66518394,18.04321564,0,22.02
504,17.64255706,17.27754412,17.64121116,18.01910006,0,22.03
505,17.61876421,17.25389051,17.61722689,17.99429975,0,22.04
506,17.59502628,17.23038896,17.59362427,17.97037686,0,22.05
507,17.57140109,17.20697422,17.56997931,17.94566684,0,22.06
508,17.54779746,17.18411774,17.54641581,17.92210771,0,22.07
509,17.52434348,17.16161665,17.52276714,17.89810673,0,22.08
510,17.50082915,17.13834418,17.4993533,17.87413021,0,22.09
511,17.47750899,17.11594833,17.47610157,17.85035963,0,22.1
512,17.45423368,17.09363691,17.4529581,17.82661079,0,22.11
513,17.43098944,17.07140218,17.42954487,17.80302185,0,22.12
514,17.40776659,17.04868533,17.40644868,17.77899439,0,22.13
515,17.38457838,17.02583411,17.38326787,17.75597522,0,22.14
516,17.36153916,17.00335123,17.36037702,17.73244939,0,22.15
517,17.33863598,16.98164166,17.33714963,17.70854873,0,22.16
518,17.31573187,16.95879743,17.31425087,17.68452737,0,22.17
519,17.29285978,16.93650659,17.29117479,17.66101462,0,22.18
520,17.27002275,16.91435007,17.26818985,17.63749027,0,22.19
521,17.24727102,16.89202656,17.24545037,17.61431133,0,22.2
522,17.22447533,16.86939192,17.22265583,17.59119696,0,22.21
523,17.2019575,16.84749387,17.20024708,17.56780004,0,22.22
524,17.17941561,16.82522421,17.17762133,17.54454012,0,22.23
525,17.15684834,16.80268479,17.15531761,17.52152361,0,22.24
526,17.13445932,16.78098243,17.13303852,17.49887388,0,22.25
527,17.11207052,16.75907735,17.11046513,17.47618701,0,22.26
528,17.08974062,16.73774062,17.08813977,17.45233792,0,22.27
529,17.06746966,16.71577986,17.06617705,17.42896524,0,22.28
530,17.04525731,16.69404479,17.04417762,17.40635444,0,22.29
531,17.02310257,16.67243182,17.02194421,17.38363064,0,22.3
532,17.00100659,16.65055778,16.99969419,17.36092166,0,22.31
533,16.97896805,16.62891338,16.97780121,17.33832513,0,22.32
534,16.95698691,16.60726998,16.95617561,17.31583973,0,22.33
535,16.93506299,16.5854884,16.93384713,17.29355054,0,22.34
536,16.91319585,16.5638179,16.91196276,17.27100256,0,22.35
537,16.89138533,16.5420943,16.89014629,17.24819055,0,22.36
538,16.86963133,16.52109021,16.86832921,17.22635862,0,22.37
539,16.84793354,16.49976103,16.84667292,17.20389542,0,22.38
540,16.82629157,16.47881632,16.82513617,17.18115882,0,22.39
541,16.80470523,16.45776776,16.8037387,17.15951544,0,22.4
542,16.78317395,16.4367138,16.78223748,17.13746851,0,22.41
543,16.76169809,16.41568568,16.76066123,17.11534283,0,22.42
544,16.74027708,16.39462023,16.73949712,17.09327106,0,22.43
545,16.71891053,16.37415506,16.71809545,17.0707838,0,22.44
546,16.69759864,16.35304568,16.69702673,17.04860605,0,22.45
547,16.67634095,16.33208599,16.67590269,17.02695775,0,22.46
548,16.65513692,16.31142715,16.65470844,17.00569323,0,22.47
549,16.63398644,16.29010974,16.63366798,16.98347589,0,22.48
550,16.6128896,16.26939667,16.61233798,16.96113063,0,22.49
551,16.59184588,16.24850716,16.59124089,16.93887507,0,22.5
552,16.57085536,16.22809023,16.57015138,16.91774801,0,22.51
553,16.54991717,16.20725504,16.54894051,16.89644332,0,22.52
554,16.52903179,16.18719327,16.52809076,16.87466415,0,22.53
555,16.50819862,16.16668657,16.50738772,16.85365125,0,22.54
556,16.48741739,16.14662287,16.48655247,16.8331179,0,22.55
557,16.46668804,16.12704191,16.46574839,16.81160722,0,22.56
558,16.44601041,16.10705135,16.44497746,16.79015859,0,22.57
559,16.42538403,16.08649029,16.42444472,16.76877233,0,22.58
560,16.40480888,16.06647539,16.40420735,16.74804717,0,22.59
561,16.38428449,16.04707282,16.38373875,16.72770091,0,22.6
562,16.36381101,16.02676327,16.36337682,16.70654508,0,22.61
563,16.34338791,16.00657572,16.34282669,16.68563063,0,22.62
564,16.32301522,15.98637113,16.3223011,16.66516659,0,22.63
565,16.30269264,15.96638446,16.30227865,16.6441376,0,22.64
566,16.28241993,15.9465866,16.28213794,16.62286722,0,22.65
567,16.26219676,15.92662656,16.26213322,16.60182139,0,22.66
568,16.24202315,15.90667219,16.24220896,16.58105421,0,22.67
569,16.2218987,15.88655157,16.22215735,16.56031963,0,22.68
570,16.20182327,15.86712696,16.20207184,16.53985637,0,22.69
571,16.18179694,15.84759217,16.18204853,16.51897185,0,22.7
572,16.16181899,15.82748594,16.16212102,16.49834575,0,22.71
573,16.14188961,15.80822325,16.14208128,16.47761379,0,22.72
574,16.12200845,15.78858428,16.12224069,16.45715383,0,22.73
575,16.1021753,15.76892437,16.10236827,16.43670534,0,22.74
576,16.08239005,15.7492836,16.08263303,16.41654429,0,22.75
577,16.06265243,15.72994085,16.06289515,16.39643168,0,22.76
578,16.04296231,15.71109458,16.043429,16.37680578,0,22.77
579,16.02331946,15.6916439,16.02367145,16.35635443,0,22.78
580,16.00372364,15.67224943,16.00405617,16.33606186,0,22.79
581,15.98417476,15.65310713,15.98464633,16.31556734,0,22.8
582,15.96467252,15.63402098,15.96501962,16.29566801,0,22.81
583,15.94521687,15.6149741,15.9455475,16.27568583,0,22.82
584,15.92580746,15.59581468,15.92620922,16.25565442,0,22.83
585,15.90644434,15.5767249,15.90668868,16.23537869,0,22.84
586,15.88712702,15.55801349,15.88744392,16.21617453,0,22.85
587,15.86785549,15.53927872,15.86796002,16.19634532,0,22.86
588,15.84862961,15.52044667,15.84879427,16.17692186,0,22.87
589,15.82944915,15.50171924,15.82969892,16.15724347,0,22.88
590,15.81031393,15.48295809,15.8105521,16.13764344,0,22.89
591,15.79122377,15.46415283,15.79160839,16.11779845,0,22.9
592,15.77217848,15.44545631,15.77278351,16.0985288,0,22.91
593,15.75317791,15.42682606,15.75375001,16.07914745,0,22.92
594,15.73422188,15.40860848,15.73497554,16.06009586,0,22.93
595,15.71531023,15.38981535,15.71590146,16.04122612,0,22.94
596,15.69644274,15.37114335,15.69707361,16.02194745,0,22.95
597,15.67761929,15.35275637,15.67826075,16.00276352,0,22.96
598,15.6588397,15.333984,15.65950127,15.98360158,0,22.97
599,15.64010377,15.31542469,15.64049311,15.96417234,0,22.98
600,15.62141137,15.29718486,15.62169769,15.94530614,0,22.99
601,15.60276232,15.2790381,15.60318885,15.9263672,0,23
602,15.58415649,15.26101831,15.5846917,15.90730266,0,23.01
603,15.56559364,15.24282289,15.5661592,15.88782723,0,23.02
604,15.54686349,15.22494267,15.54760045,15.86945404,0,23.03
605,15.52859635,15.20655724,15.52914701,15.85071105,0,23.04
606,15.5101616,15.18847685,15.5106446,15.83187048,0,23.05
607,15.49176921,15.17033763,15.49238254,15.81338272,0,23.06
608,15.47341905,15.152308,15.47409851,15.79436972,0,23.07
609,15.45511093,15.13372619,15.45575387,15.77573572,0,23.08
610,15.43684472,15.11523729,15.43748857,15.75725937,0,23.09
611,15.41862025,15.09749366,15.41935282,15.7390695,0,23.1
612,15.40043737,15.08011563,15.4015258,15.72039599,0,23.11
613,15.38229594,15.06293072,15.3832272,15.70215076,0,23.12
614,15.36419576,15.04490131,15.36500894,15.6838459,0,23.13
615,15.34613672,15.02751877,15.34704236,15.66522147,0,23.14
616,15.32811865,15.00963292,15.32883662,15.64662619,0,23.15
617,15.31014142,14.99202736,15.31083993,15.62793038,0,23.16
618,15.29220485,14.9748253,15.29290482,15.60940317,0,23.17
619,15.27430882,14.95653029,15.27482412,15.59109729,0,23.18
620,15.25645316,14.939065,15.25680087,15.57279581,0,23.19
621,15.23863774,14.92176765,15.23899414,15.55454332,0,23.2
622,15.22086239,14.90404325,15.22117449,15.53606857,0,23.21
623,15.20312699,14.88707601,15.20346239,15.51786523,0,23.22
624,15.18495437,14.86904165,15.18596988,15.50008385,0,23.23
625,15.16777544,14.85233736,15.1683446,15.4818077,0,23.24
626,15.14988708,14.83453704,15.1506552,15.46324045,0,23.25
627,15.13219205,14.81716223,15.13297945,15.44520156,0,23.26
628,15.11472709,14.80054324,15.11551283,15.42673297,0,23.27
629,15.09708714,14.78360194,15.09802474,15.4089045,0,23.28
630,15.08008551,14.76669618,15.08052452,15.39126638,0,23.29
631,15.06246423,14.74880646,15.06291688,15.37336002,0,23.3
632,15.04474107,14.7308704,15.04547231,15.35579944,0,23.31
633,15.02783032,14.71449174,15.02816607,15.33795032,0,23.32
634,15.01053122,14.69814711,15.01100354,15.32054715,0,23.33
635,14.99316255,14.68152889,14.99367275,15.30315387,0,23.34
636,14.97595441,14.66435758,14.9764899,15.28552188,0,23.35
637,14.95894578,14.64795388,14.95950227,15.26804334,0,23.36
638,14.94158406,14.63103984,14.94230797,15.2504703,0,23.37
639,14.92449932,14.61378863,14.92510718,15.23292203,0,23.38
640,14.90723534,14.59664545,14.90800275,15.21539882,0,23.39
641,14.89039637,14.58027093,14.89090838,15.19793446,0,23.4
642,14.87355592,14.56429053,14.8738618,15.1806042,0,23.41
643,14.85659009,14.54745258,14.85697962,15.16375918,0,23.42
644,14.8394494,14.53077374,14.84006235,15.14626944,0,23.43
645,14.8227695,14.51523411,14.82336554,15.12885508,0,23.44
646,14.80549219,14.49762418,14.80640509,15.11181474,0,23.45
647,14.78909622,14.48225686,14.78948103,15.0946614,0,23.46
648,14.77231448,14.46584418,14.77277138,15.07742811,0,23.47
649,14.7555692,14.44927921,14.75596596,15.06010823,0,23.48
650,14.73886022,14.43280081,14.73915546,15.04307461,0,23.49
651,14.72218744,14.41639836,14.72257144,15.02628318,0,23.5
652,14.70555076,14.40049535,14.70586785,15.00940443,0,23.51
653,14.68895,14.38446987,14.68934005,14.99248356,0,23.52
654,14.67238507,14.36831684,14.67283992,14.97561652,0,23.53
655,14.65585585,14.35193674,14.65641354,14.95877741,0,23.54
656,14.63936221,14.33519261,14.64003059,14.9419747,0,23.55
657,14.62290403,14.3187397,14.62366348,14.92534245,0,23.56
658,14.60648119,14.3027296,14.60701718,14.90891784,0,23.57
659,14.59009361,14.28656954,14.59056617,14.89271431,0,23.58
660,14.57374111,14.27087611,14.57410242,14.87568712,0,23.59
661,14.55742361,14.25481268,14.55786967,14.85927899,0,23.6
662,14.541141,14.2390356,14.54171334,14.84255598,0,23.61
663,14.52489314,14.22290393,14.52549446,14.8260438,0,23.62
664,14.50867994,14.20736406,14.50918872,14.80955693,0,23.63
665,14.49247833,14.19151485,14.49289126,14.79261968,0,23.64
666,14.47635052,14.17596803,14.47658442,14.77668824,0,23.65
667,14.46024698,14.1603983,14.4604786,14.76029757,0,23.66
668,14.44416198,14.14497436,14.44444243,14.74394515,0,23.67
669,14.42812006,14.12936018,14.42848535,14.72764136,0,23.68
670,14.41212174,14.11388804,14.41245983,14.71131912,0,23.69
671,14.39613968,14.09836709,14.39661451,14.69484985,0,23.7
672,14.38019814,14.08242905,14.38082419,14.67881147,0,23.71
673,14.36428023,14.06703073,14.36509073,14.66229835,0,23.72
674,14.34841365,14.0518157,14.34925743,14.64559387,0,23.73
675,14.33255881,14.03609453,14.33341464,14.62910283,0,23.74
676,14.31676427,14.01990948,14.31766835,14.61234385,0,23.75
677,14.30098063,14.00435181,14.30176675,14.59589402,0,23.76
678,14.28524926,13.98900316,14.28610796,14.57993959,0,23.77
679,14.26955374,13.97356819,14.27037383,14.56398493,0,23.78
680,14.25385871,13.95803009,14.2546781,14.54816822,0,23.79
681,14.23823671,13.94271744,14.2390283,14.53246798,0,23.8
682,14.22262723,13.92733138,14.22335407,14.51678934,0,23.81
683,14.20702474,13.91178246,14.20768371,14.50105462,0,23.82
684,14.19147075,13.89667072,14.19218215,14.48524019,0,23.83
685,14.17597874,13.88161996,14.17662561,14.46959079,0,23.84
686,14.1604844,13.86605608,14.16104101,14.45412777,0,23.85
687,14.14507158,13.85140786,14.14540036,14.43847625,0,23.86
688,14.12965908,13.83575442,14.13008049,14.42289427,0,23.87
689,14.11426242,13.82062008,14.11466754,14.40732742,0,23.88
690,14.09889221,13.80590112,14.09935473,14.3916212,0,23.89
691,14.08355318,13.79167596,14.08386143,14.37594107,0,23.9
692,14.06832548,13.77652697,14.06875064,14.36028408,0,23.91
693,14.05301454,13.76168073,14.05352414,14.34462716,0,23.92
694,14.03784473,13.74687356,14.03835087,14.32911863,0,23.93
695,14.02262994,13.73204997,14.02316244,14.31377535,0,23.94
696,14.0074554,13.71722139,14.00774914,14.29833323,0,23.95
697,13.99234584,13.70249304,13.99271049,14.28292781,0,23.96
698,13.97725858,13.68763399,13.97774353,14.26754258,0,23.97
699,13.96218967,13.67298089,13.96266923,14.25208451,0,23.98
700,13.94713342,13.65799515,13.94764321,14.23670498,0,23.99
701,13.93214439,13.64294321,13.93274618,14.22082751,0,24
702,13.91715735,13.62806626,13.91777421,14.20531265,0,24.01
703,13.90220541,13.61336476,13.90304307,14.19031365,0,24.02
704,13.88730629,13.59870059,13.88813452,14.17500481,0,24.03
705,13.87242117,13.58358311,13.87315031,14.15959071,0,24.04
706,13.85756634,13.56883475,13.85816522,14.14451006,0,24.05
707,13.84274172,13.55427362,13.84331232,14.12936599,0,24.06
708,13.82794721,13.53968465,13.828485,14.1137613,0,24.07
709,13.81318272,13.52501472,13.81382163,14.09844772,0,24.08
710,13.79844819,13.51084443,13.79892825,14.08328599,0,24.09
711,13.78374349,13.49655905,13.78421015,14.06839803,0,24.1
712,13.76906852,13.48243103,13.76950532,14.05394791,0,24.11
713,13.75442323,13.46809279,13.75485119,14.03956951,0,24.12
714,13.73980749,13.45390346,13.74015295,14.02453206,0,24.13
715,13.72522127,13.43956632,13.72555693,14.00928339,0,24.14
716,13.71066441,13.42533868,13.71093622,13.99377053,0,24.15
717,13.69613688,13.41110903,13.69642553,13.97909603,0,24.16
718,13.68163855,13.39695022,13.68185728,13.96493801,0,24.17
719,13.66716936,13.38274471,13.66731641,13.94989209,0,24.18
720,13.6527292,13.36860846,13.65290194,13.93478824,0,24.19
721,13.63831801,13.35450447,13.63847904,13.91975512,0,24.2
722,13.62393569,13.34043353,13.62412819,13.9053319,0,24.21
723,13.60958215,13.32628062,13.6098809,13.89106969,0,24.22
724,13.59525732,13.31238988,13.5957203,13.87676577,0,24.23
725,13.58096109,13.29831427,13.58132617,13.86251393,0,24.24
726,13.56669341,13.28438091,13.56703706,13.8487107,0,24.25
727,13.55245415,13.27059509,13.5527023,13.83374261,0,24.26
728,13.53824329,13.25682679,13.53838251,13.81880195,0,24.27
729,13.52406069,13.24311196,13.52406996,13.80389066,0,24.28
730,13.50990628,13.22938398,13.50976854,13.78936027,0,24.29
731,13.49577999,13.21597424,13.49561634,13.77521127,0,24.3
732,13.48168174,13.20232813,13.48173161,13.76100652,0,24.31
733,13.46761144,13.18820033,13.46743064,13.74603121,0,24.32
734,13.453569,13.17449773,13.45336483,13.73201715,0,24.33
735,13.43955436,13.16088405,13.43953353,13.71793959,0,24.34
736,13.42556743,13.14737226,13.42528147,13.70354704,0,24.35
737,13.41160812,13.13407268,13.41109744,13.68902101,0,24.36
738,13.39767636,13.12035488,13.39707335,13.6747931,0,24.37
739,13.38377208,13.10677107,13.38320499,13.66100386,0,24.38
740,13.36989518,13.09323766,13.36928426,13.64718017,0,24.39
741,13.35604559,13.07934662,13.35543654,13.63332748,0,24.4
742,13.34222326,13.06575216,13.3416223,13.61928436,0,24.41
743,13.32842807,13.05224812,13.32769554,13.60515178,0,24.42
744,13.31465994,13.03903944,13.31381604,13.59116099,0,24.43
745,13.30091885,13.02551308,13.30000863,13.57694847,0,24.44
746,13.28720466,13.01219224,13.2861205,13.56313076,0,24.45
747,13.27351733,12.99889833,13.27234645,13.54948197,0,24.46
748,13.25985676,12.98563634,13.25858406,13.53566057,0,24.47
749,13.2462229,12.97240683,13.24494826,13.52176296,0,24.48
750,13.23261565,12.95906741,13.23139622,13.50792578,0,24.49
751,13.21903496,12.9455967,13.21783199,13.49388763,0,24.5
752,13.20548074,12.93257232,13.20413954,13.48039473,0,24.51
753,13.19195293,12.91959478,13.19062719,13.46624679,0,24.52
754,13.17845143,12.9066449,13.17724558,13.45211852,0,24.53
755,13.1649762,12.89363913,13.1638059,13.43801613,0,24.54
756,13.15152716,12.88033897,13.15048137,13.42402685,0,24.55
757,13.13810423,12.86697728,13.13712876,13.41012951,0,24.56
758,13.12470725,12.85398987,13.1236618,13.39622993,0,24.57
759,13.11133633,12.84092433,13.11028022,13.38243343,0,24.58
760,13.09799126,12.82807577,13.09693197,13.36894523,0,24.59
761,13.08467204,12.81509856,13.08367984,13.35548506,0,24.6
762,13.07137853,12.80179193,13.07044858,13.34204569,0,24.61
763,13.05811072,12.78841178,13.05712049,13.32868393,0,24.62
764,13.04486853,12.77506001,13.04380537,13.31516141,0,24.63
765,13.03165185,12.76174349,13.03055405,13.30181279,0,24.64
766,13.01846066,12.74858706,13.01720002,13.28763037,0,24.65
767,13.00529486,12.73584764,13.00402334,13.27418631,0,24.66
768,12.99215439,12.72244348,12.99087979,13.26086466,0,24.67
769,12.97903917,12.70956237,12.97773654,13.24755751,0,24.68
770,12.96594915,12.69682467,12.96467398,13.23431748,0,24.69
771,12.95288426,12.68362393,12.95167085,13.22100582,0,24.7
772,12.93984443,12.67062793,12.93867124,13.20784013,0,24.71
773,12.9268296,12.65798361,12.92541774,13.19477429,0,24.72
774,12.91383966,12.64553382,12.91246498,13.18162807,0,24.73
775,12.90087461,12.6330463,12.89948251,13.16853924,0,24.74
776,12.88793432,12.62027734,12.88642957,13.15535279,0,24.75
777,12.87501878,12.60786627,12.873451,13.14201539,0,24.76
778,12.86212791,12.59558425,12.86057922,13.12890781,0,24.77
779,12.84926159,12.58300388,12.84763751,13.11584148,0,24.78
780,12.83641983,12.56990065,12.83477269,13.10281821,0,24.79
781,12.82360254,12.55730907,12.82204294,13.08975966,0,24.8
782,12.81080963,12.54482371,12.80922663,13.07669833,0,24.81
783,12.79804106,12.53212771,12.79647425,13.06348127,0,24.82
784,12.78529675,12.51989603,12.7836172,13.05037661,0,24.83
785,12.77257667,12.50761733,12.77096247,13.03733863,0,24.84
786,12.75988073,12.4952297,12.75825839,13.02448073,0,24.85
787,12.74720885,12.48277145,12.74575045,13.01136408,0,24.86
788,12.73456102,12.4704291,12.73300964,12.99801343,0,24.87
789,12.72193713,12.457977,12.72034984,12.98487325,0,24.88
790,12.70933714,12.44567582,12.70774098,12.97193204,0,24.89
791,12.69676098,12.43373327,12.69521206,12.95912543,0,24.9
792,12.6842086,12.4215957,12.68261706,12.9466086,0,24.91
793,12.67167993,12.40939904,12.67006021,12.93397742,0,24.92
794,12.6591749,12.39723546,12.65774354,12.92136842,0,24.93
795,12.64669348,12.38510033,12.64538546,12.90876272,0,24.94
796,12.63423558,12.37281634,12.63286804,12.89595116,0,24.95
797,12.62180115,12.36089247,12.62044983,12.88316867,0,24.96
798,12.60939014,12.34882102,12.60806066,12.87061413,0,24.97
799,12.59700248,12.33677067,12.59578132,12.85789487,0,24.98
800,12.58463811,12.32433629,12.58336388,12.84542064,0,24.99
801,12.57229697,12.31207084,12.57110828,12.83264708,0,25
802,12.55997902,12.29978081,12.55872827,12.82011171,0,25.01
803,12.54768418,12.28773598,12.54648864,12.80738274,0,25.02
804,12.5354124,12.27608535,12.53436115,12.79464352,0,25.03
805,12.52316363,12.26427954,12.52218695,12.78213915,0,25.04
806,12.5109378,12.25209507,12.50997046,12.7697821,0,25.05
807,12.49873487,12.24059333,12.49779356,12.75726406,0,25.06
808,12.48655477,12.22874541,12.48570438,12.74483876,0,25.07
809,12.47439745,12.21657249,12.47352456,12.73235515,0,25.08
810,12.46226285,12.20504423,12.46148878,12.72063181,0,25.09
811,12.45015092,12.19306811,12.44939296,12.70848097,0,25.1
812,12.4380616,12.18111139,12.43740291,12.69593368,0,25.11
813,12.42599483,12.16961405,12.42510924,12.68414613,0,25.12
814,12.41395056,12.15820248,12.4131923,12.67143005,0,25.13
815,12.40192875,12.14660536,12.40109143,12.65931214,0,25.14
816,12.38992933,12.1348748,12.38908173,12.64694125,0,25.15
817,12.37795224,12.1227411,12.37702686,12.63473165,0,25.16
818,12.36599744,12.11063689,12.36508075,12.62231265,0,25.17
819,12.35406488,12.09920199,12.35299809,12.61024177,0,25.18
820,12.34215448,12.08730435,12.34095792,12.59820158,0,25.19
821,12.33026622,12.07612555,12.32902269,12.58648828,0,25.2
822,12.31840005,12.06433041,12.31738698,12.57443996,0,25.21
823,12.30655588,12.05273146,12.3054841,12.56254477,0,25.22
824,12.29473369,12.04113744,12.29368646,12.55050065,0,25.23
825,12.28293342,12.02902564,12.28189261,12.53828921,0,25.24
826,12.27115502,12.01759952,12.27011648,12.52629837,0,25.25
827,12.25939591,12.00640875,12.25819569,12.51459965,0,25.26
828,12.24766135,11.99525623,12.24644333,12.50260157,0,25.27
829,12.23594763,11.98390169,12.23461821,12.490745,0,25.28
830,12.22425908,11.97266213,12.2229101,12.47866531,0,25.29
831,12.21258926,11.96148811,12.21119848,12.46662341,0,25.3
832,12.20093779,11.95034199,12.19957879,12.4549516,0,25.31
833,12.18931191,11.9392021,12.18800238,12.4435357,0,25.32
834,12.17770182,11.9279067,12.17633766,12.43163872,0,25.33
835,12.16611778,11.91665857,12.16468979,12.41976737,0,25.34
836,12.15455931,11.90545435,12.15312015,12.40788015,0,25.35
837,12.14301517,11.89400337,12.14155495,12.39599648,0,25.36
838,12.13149692,11.88284688,12.13003558,12.38447532,0,25.37
839,12.12000016,11.87176796,12.11854889,12.37280996,0,25.38
840,12.10852186,11.86039302,12.10713927,12.36059185,0,25.39
841,12.09706924,11.8494877,12.09573829,12.34881361,0,25.4
842,12.08562607,11.838398,12.08420803,12.3370517,0,25.41
843,12.07421609,11.82747297,12.07279882,12.32561156,0,25.42
844,12.06282665,11.81637543,12.06139067,12.31387171,0,25.43
845,12.05145437,11.80542664,12.05002197,12.30198346,0,25.44
846,12.04009635,11.79460668,12.03863642,12.29012905,0,25.45
847,12.02876829,11.78381113,12.02744744,12.27823227,0,25.46
848,12.01746293,11.77283223,12.01606525,12.26676738,0,25.47
849,12.00616451,11.76150671,12.00475492,12.25499598,0,25.48
850,11.99489757,11.75072973,11.99336235,12.24343585,0,25.49
851,11.98365334,11.74004889,11.98216468,12.2315698,0,25.5
852,11.97241459,11.72900749,11.97085144,12.21959248,0,25.51
853,11.9612253,11.71839169,11.95967998,12.20829841,0,25.52
854,11.95003089,11.70745397,11.94851592,12.19669575,0,25.53
855,11.93886659,11.69655894,11.93732628,12.18479545,0,25.54
856,11.92772697,11.68522243,11.92612081,12.17332499,0,25.55
857,11.91657696,11.67460285,11.91512796,12.16187083,0,25.56
858,11.90549474,11.66420338,11.90394968,12.15090123,0,25.57
859,11.89441235,11.65356605,11.89294682,12.13946138,0,25.58
860,11.88334498,11.6425231,11.88184025,12.12843423,0,25.59
861,11.8722962,11.63144365,11.8706555,12.11708941,0,25.6
862,11.86126905,11.62084584,11.85986001,12.10543694,0,25.61
863,11.85027553,11.60979829,11.84881653,12.09387386,0,25.62
864,11.8392963,11.59915312,11.83780461,12.08268911,0,25.63
865,11.82833989,11.58863015,11.82688129,12.07137541,0,25.64
866,11.81738516,11.57789091,11.81588056,12.06021568,0,25.65
867,11.8064608,11.56739607,11.8048729,12.04917073,0,25.66
868,11.79557064,11.55678205,11.79405379,12.03805843,0,25.67
869,11.78468642,11.54622678,11.78320923,12.0268968,0,25.68
870,11.77381943,11.53560149,11.77231391,12.01533505,0,25.69
871,11.76297967,11.52484504,11.76150388,12.00417575,0,25.7
872,11.75216425,11.51409951,11.75074918,11.99301802,0,25.71
873,11.74135679,11.50360662,11.74003,11.98188381,0,25.72
874,11.73057381,11.4928872,11.72915812,11.97073694,0,25.73
875,11.71980522,11.48210238,11.71823802,11.95965092,0,25.74
876,11.70907067,11.47155966,11.70727809,11.94845942,0,25.75
877,11.69834648,11.46103891,11.69662237,11.93714902,0,25.76
878,11.68763966,11.45053894,11.68575587,11.92585431,0,25.77
879,11.67695685,11.43991426,11.67507502,11.91490273,0,25.78
880,11.66629138,11.4289628,11.66459479,11.90365371,0,25.79
881,11.65563743,11.41838499,11.6540826,11.89234965,0,25.8
882,11.64501887,11.40810893,11.64355021,11.88179594,0,25.81
883,11.63441179,11.39771871,11.63296526,11.87126722,0,25.82
884,11.62382133,11.38738279,11.62240991,11.86037963,0,25.83
885,11.61325579,11.37699066,11.61186189,11.84920309,0,25.84
886,11.6027068,11.36692967,11.60118598,11.83795569,0,25.85
887,11.5921771,11.35680876,11.59070175,11.82756137,0,25.86
888,11.58166668,11.34628495,11.58015056,11.81679058,0,25.87
889,11.57117548,11.33604464,11.56960243,11.80603698,0,25.88
890,11.56070349,11.32613456,11.55908793,11.7954102,0,25.89
891,11.55025066,11.31595622,11.54844732,11.78509761,0,25.9
892,11.53981698,11.30612738,11.53799759,11.77441123,0,25.91
893,11.5294024,11.29633215,11.52761959,11.76391937,0,25.92
894,11.51900689,11.28663258,11.51722063,11.75319044,0,25.93
895,11.50863043,11.27644623,11.50694182,11.74212545,0,25.94
896,11.49827299,11.26624146,11.49658731,11.73144274,0,25.95
897,11.48793453,11.25585744,11.48623829,11.72137099,0,25.96
898,11.47761503,11.24580128,11.4758098,11.71050013,0,25.97
899,11.46731445,11.2358739,11.46540528,11.69957073,0,25.98
900,11.45703277,11.22592514,11.45507205,11.68871531,0,25.99
901,11.44676996,11.21612667,11.44496743,11.67807156,0,26
902,11.43652599,11.20594573,11.43476901,11.66763824,0,26.01
903,11.42630084,11.19599255,11.42446455,11.65726391,0,26.02
904,11.41609447,11.18578672,11.41422091,11.64690922,0,26.03
905,11.40590686,11.17581961,11.40401918,11.63631785,0,26.04
906,11.39573799,11.16596856,11.39395012,11.62588688,0,26.05
907,11.38558782,11.15592993,11.38383225,11.6151132,0,26.06
908,11.37545632,11.14606818,11.37364328,11.60427627,0,26.07
909,11.36534349,11.13574384,11.36362047,11.5939322,0,26.08
910,11.35524928,11.1258413,11.35345309,11.58350317,0,26.09
911,11.34517368,11.11595744,11.34329975,11.57329936,0,26.1
912,11.33511665,11.10609022,11.33311966,11.56358795,0,26.11
913,11.32507819,11.09624119,11.32300322,11.55350243,0,26.12
914,11.31505825,11.08641693,11.31290807,11.54321388,0,26.13
915,11.30505682,11.07656703,11.30280656,11.5335385,0,26.14
916,11.29507388,11.06665514,11.29310086,11.52377271,0,26.15
917,11.28510941,11.05694317,11.2830669,11.51366147,0,26.16
918,11.27516337,11.04720353,11.27314044,11.50363776,0,26.17
919,11.26523575,11.03732644,11.26317886,11.49330003,0,26.18
920,11.25532652,11.02756176,11.25317573,11.48353442,0,26.19
921,11.24543567,11.01772308,11.24317923,11.47373144,0,26.2
922,11.23556318,11.00803464,11.23333306,11.46352376,0,26.21
923,11.22570903,10.99799107,11.22350079,11.45333373,0,26.22
924,11.21587318,10.98874646,11.21378641,11.44316171,0,26.23
925,11.20605564,10.97960718,11.20423004,11.43301303,0,26.24
926,11.19625635,10.97003907,11.19449816,11.42321853,0,26.25
927,11.18647534,10.96048441,11.18484113,11.41324369,0,26.26
928,11.17671257,10.95078312,11.17527965,11.40308779,0,26.27
929,11.16696802,10.94117205,11.16550706,11.39284281,0,26.28
930,11.15724167,10.93155316,11.15558644,11.38246597,0,26.29
931,11.14753351,10.92222721,11.14613339,11.37239344,0,26.3
932,11.13784351,10.9125069,11.13662969,11.36227111,0,26.31
933,11.12817168,10.90297882,11.12685349,11.35243565,0,26.32
934,11.11851797,10.8935712,11.1173689,11.34260718,0,26.33
935,11.10888238,10.88389939,11.1076639,11.33252808,0,26.34
936,11.09926492,10.87419037,11.09792167,11.3230652,0,26.35
937,11.08966554,10.86437665,11.08852061,11.31357173,0,26.36
938,11.08008424,10.85482119,11.07889786,11.30394154,0,26.37
939,11.070521,10.84530758,11.06948862,11.29439821,0,26.38
940,11.06097583,10.83617949,11.05994352,11.28484795,0,26.39
941,11.05144868,10.826781,11.05031039,11.27527158,0,26.4
942,11.04193956,10.81729976,11.04066903,11.2656708,0,26.41
943,11.03244849,10.80779783,11.0313808,11.25588898,0,26.42
944,11.02297539,10.79834754,11.02214033,11.24595483,0,26.43
945,11.0135203,10.78889047,11.01264817,11.23620501,0,26.44
946,11.00408318,10.7797528,11.00322823,11.22628858,0,26.45
947,10.99466404,10.77047087,10.99389246,11.21648682,0,26.46
948,10.98526287,10.76102086,10.98461262,11.20687334,0,26.47
949,10.97587965,10.7514119,10.97533728,11.19741681,0,26.48
950,10.96614593,10.74208889,10.96602552,11.18782832,0,26.49
951,10.95663599,10.73279038,10.95662959,11.17869087,0,26.5
952,10.94695141,10.72360683,10.94728568,11.1691091,0,26.51
953,10.93815172,10.71499557,10.93804877,11.15989988,0,26.52
954,10.92879255,10.70509517,10.92886496,11.15070176,0,26.53
955,10.91978121,10.695822,10.91967026,11.14165663,0,26.54
956,10.90984498,10.68657375,10.9103512,11.13227423,0,26.55
957,10.90130567,10.67745937,10.90094142,11.12346295,0,26.56
958,10.89183993,10.6688866,10.89178559,11.11415907,0,26.57
959,10.88255807,10.65968581,10.88250504,11.10539223,0,26.58
960,10.87360724,10.65128806,10.87314582,11.09645487,0,26.59
961,10.86365249,10.64183546,10.86401756,11.08688975,0,26.6
962,10.85432987,10.63241266,10.85489841,11.07766412,0,26.61
963,10.84571812,10.62438447,10.84578307,11.06854803,0,26.62
964,10.83626382,10.6155903,10.83663815,11.05905002,0,26.63
965,10.82724667,10.60616275,10.82754276,11.05029828,0,26.64
966,10.81853243,10.59695913,10.81845283,11.04119698,0,26.65
967,10.80989593,10.58841912,10.80954171,11.03206631,0,26.66
968,10.80016582,10.57880472,10.80039186,11.02322657,0,26.67
969,10.79134604,10.56977872,10.79143102,11.01418733,0,26.68
970,10.78284035,10.56104016,10.78243368,11.00541952,0,26.69
971,10.77398025,10.5529196,10.77344467,10.99638979,0,26.7
972,10.76488581,10.54346116,10.76437553,10.98750618,0,26.71
973,10.75570975,10.53406436,10.75536584,10.97837619,0,26.72
974,10.74701029,10.52531241,10.74634148,10.96939314,0,26.73
975,10.737773,10.51665429,10.7373928,10.960446,0,26.74
976,10.72888739,10.50822602,10.72851991,10.95187086,0,26.75
977,10.72032246,10.49942555,10.71953142,10.94270622,0,26.76
978,10.71155598,10.49128993,10.71079867,10.93384066,0,26.77
979,10.70233155,10.48215568,10.70179087,10.92522119,0,26.78
980,10.69388186,10.47403687,10.6931834,10.91651595,0,26.79
981,10.68501208,10.46528863,10.68432694,10.9078597,0,26.8
982,10.6762389,10.45685749,10.67534884,10.89914242,0,26.81
983,10.66738322,10.44781472,10.66650425,10.89048681,0,26.82
984,10.65874922,10.43928422,10.65767003,10.8818393,0,26.83
985,10.64996182,10.43086586,10.64887446,10.87371064,0,26.84
986,10.64129089,10.42252553,10.64018098,10.86525021,0,26.85
987,10.63250415,10.4137776,10.63160406,10.85645284,0,26.86
988,10.62383971,10.40466351,10.622834,10.8479925,0,26.87
989,10.61518171,10.39559995,10.61413013,10.83929676,0,26.88
990,10.60659076,10.3873589,10.60546171,10.83103055,0,26.89
991,10.59788793,10.3782264,10.59693488,10.82188133,0,26.9
992,10.5893492,10.36965593,10.58823464,10.8132848,0,26.91
993,10.58075561,10.36097584,10.57970238,10.80472595,0,26.92
994,10.5721233,10.35192758,10.5711348,10.7963648,0,26.93
995,10.5636229,10.34350639,10.56265741,10.78792943,0,26.94
996,10.55508383,10.33481472,10.55411477,10.77936585,0,26.95
997,10.54656296,10.32620386,10.54553721,10.77104565,0,26.96
998,10.53803529,10.31772257,10.53701349,10.76244213,0,26.97
999,10.52957596,10.30938145,10.52861211,10.75395322,0,26.98
1000,10.52110987,10.30109108,10.52018852,10.74574119,0,26.99
1001,10.51266209,10.29274933,10.51177634,10.7371468,0,27
1002,10.50423271,10.28442401,10.50319616,10.72850757,0,27.01
1003,10.49582154,10.27574389,10.49477335,10.7200065,0,27.02
1004,10.48742864,10.26748585,10.48643876,10.71185437,0,27.03
1005,10.47905454,10.25895432,10.47798447,10.70336749,0,27.04
1006,10.47069869,10.25079106,10.46991747,10.69564095,0,27.05
1007,10.46236131,10.24245089,10.46156586,10.68715763,0,27.06
1008,10.45404257,10.23401237,10.45311429,10.6788702,0,27.07
1009,10.44574156,10.22581257,10.44482124,10.67060711,0,27.08
1010,10.43746033,10.2175837,10.43655517,10.66222339,0,27.09
1011,10.42919731,10.209343,10.42847977,10.65385064,0,27.1
1012,10.42095249,10.20105753,10.42026256,10.64593614,0,27.11
1013,10.41272691,10.19252993,10.41191394,10.63756355,0,27.12
1014,10.40451985,10.18423402,10.40373483,10.62880372,0,27.13
1015,10.39633127,10.1761707,10.39550516,10.62060071,0,27.14
1016,10.38816168,10.16774029,10.38720005,10.61258182,0,27.15
1017,10.38001057,10.15965433,10.37906221,10.60486791,0,27.16
1018,10.37187819,10.15163573,10.37089655,10.59715568,0,27.17
1019,10.36376572,10.14363741,10.36295542,10.58897645,0,27.18
1020,10.35567138,10.13565656,10.35497862,10.58079337,0,27.19
1021,10.34759655,10.12763406,10.34670862,10.57271544,0,27.2
1022,10.33954064,10.1194359,10.33864014,10.56469456,0,27.21
1023,10.33150338,10.11103535,10.33072704,10.5569183,0,27.22
1024,10.32348532,10.102459,10.32263133,10.54924007,0,27.23
1025,10.31548659,10.09417337,10.31456869,10.5416887,0,27.24
1026,10.30750777,10.08616331,10.30646713,10.53427189,0,27.25
1027,10.29954627,10.07819689,10.29840748,10.52678857,0,27.26
1028,10.29160628,10.07025174,10.29045339,10.51861737,0,27.27
1029,10.28368471,10.06231941,10.28248723,10.51036903,0,27.28
1030,10.27578281,10.05444783,10.27438639,10.50265357,0,27.29
1031,10.26790024,10.04614961,10.26649806,10.49549594,0,27.3
1032,10.26003728,10.03818056,10.25869625,10.48814275,0,27.31
1033,10.25219393,10.03053341,10.25095412,10.48075007,0,27.32
1034,10.24436977,10.02281009,10.24319361,10.47331945,0,27.33
1035,10.23656638,10.01498809,10.23530516,10.46552516,0,27.34
1036,10.22878132,10.00724542,10.22732495,10.45794721,0,27.35
1037,10.22101712,9.999211473,10.2195399,10.45049757,0,27.36
1038,10.21327213,9.990867234,10.21181257,10.44347164,0,27.37
1039,10.20554821,9.982852919,10.2042091,10.43602988,0,27.38
1040,10.19784368,9.975238151,10.19659726,10.42872915,0,27.39
1041,10.19015836,9.967151258,10.18866521,10.42060252,0,27.4
1042,10.18249424,9.959380404,10.1809886,10.41280918,0,27.41
1043,10.17485066,9.951478615,10.17326977,10.40579807,0,27.42
1044,10.16722674,9.943768237,10.16557116,10.39850443,0,27.43
1045,10.15962363,9.935639632,10.15790246,10.39140304,0,27.44
1046,10.15204006,9.927353316,10.15041676,10.38368331,0,27.45
1047,10.14447804,9.919876793,10.14286822,10.37616243,0,27.46
1048,10.13693554,9.912059196,10.13528699,10.3688254,0,27.47
1049,10.12941429,9.904467614,10.12773498,10.36156288,0,27.48
1050,10.12191491,9.896348411,10.12032989,10.35481716,0,27.49
1051,10.11443508,9.888382148,10.11276957,10.34704002,0,27.5
1052,10.1069765,9.880403432,10.10534632,10.33946578,0,27.51
1053,10.09953847,9.872442373,10.09778165,10.33163979,0,27.52
1054,10.09212203,9.864703421,10.09045705,10.32471131,0,27.53
1055,10.08472657,9.85650651,10.08305557,10.31797642,0,27.54
1056,10.07735124,9.848876679,10.07588072,10.311209,0,27.55
1057,10.06999927,9.840999235,10.06850421,10.30385827,0,27.56
1058,10.06266774,9.833476904,10.06118091,10.2969699,0,27.57
1059,10.05535828,9.825582667,10.05384831,10.2899617,0,27.58
1060,10.04807007,9.818307401,10.04663954,10.28285923,0,27.59
1061,10.04080353,9.810522248,10.03933207,10.27585119,0,27.6
1062,10.03355876,9.802600488,10.0320444,10.26901471,0,27.61
1063,10.02633548,9.794745376,10.02481311,10.26174641,0,27.62
1064,10.01913462,9.786664607,10.01758405,10.25519394,0,27.63
1065,10.0119563,9.779489047,10.01044474,10.24871692,0,27.64
1066,10.00479974,9.772403144,10.00334743,10.24196577,0,27.65
1067,9.997665437,9.764788897,9.996200866,10.234893,0,27.66
1068,9.990553675,9.757379787,9.989181909,10.2282708,0,27.67
1069,9.983464393,9.749963291,9.982287729,10.22169633,0,27.68
1070,9.976397567,9.742273712,9.975375714,10.21513862,0,27.69
1071,9.969353633,9.735033978,9.968227102,10.20824153,0,27.7
1072,9.962332483,9.727547587,9.961341023,10.20179079,0,27.71
1073,9.955333817,9.720445109,9.954306937,10.19536469,0,27.72
1074,9.948359531,9.713166595,9.947440904,10.18862761,0,27.73
1075,9.9414077,9.70618059,9.940582185,10.18144097,0,27.74
1076,9.934479017,9.698311407,9.933913676,10.17440978,0,27.75
1077,9.927574135,9.690669154,9.927141357,10.16806616,0,27.76
1078,9.920692578,9.683195914,9.920188484,10.1612748,0,27.77
1079,9.913834738,9.67618847,9.913373899,10.15471321,0,27.78
1080,9.90700071,9.668898,9.906538041,10.14851577,0,27.79
1081,9.900190406,9.661697301,9.899876516,10.14233239,0,27.8
1082,9.893404581,9.654342536,9.893219905,10.13593141,0,27.81
1083,9.886642751,9.647749328,9.886654342,10.12972714,0,27.82
1084,9.879905244,9.640715123,9.880191573,10.12273392,0,27.83
1085,9.873191872,9.633491244,9.873401511,10.11647403,0,27.84
1086,9.866503645,9.625848047,9.86687542,10.1103915,0,27.85
1087,9.859840105,9.619072191,9.86033791,10.10425031,0,27.86
1088,9.853201213,9.612173987,9.853685088,10.09769338,0,27.87
1089,9.846587395,9.605133056,9.847145715,10.09139623,0,27.88
1090,9.839998742,9.597862946,9.840476144,10.08555845,0,27.89
1091,9.833435349,9.590850417,9.833931299,10.07934717,0,27.9
1092,9.826897489,9.583925604,9.827148153,10.07387627,0,27.91
1093,9.820385188,9.576927461,9.820573413,10.06737897,0,27.92
1094,9.81389864,9.56978168,9.813844254,10.06178615,0,27.93
1095,9.807437993,9.562605849,9.807317301,10.05475961,0,27.94
1096,9.801003404,9.55564062,9.800772437,10.04900241,0,27.95
1097,9.794595027,9.548520303,9.794293006,10.04331501,0,27.96
1098,9.788213018,9.541853756,9.787904421,10.03708759,0,27.97
1099,9.781857544,9.535078694,9.781394325,10.03084118,0,27.98
1100,9.775528757,9.527553123,9.775068992,10.02470045,0,27.99
1101,9.769226827,9.520443278,9.768820557,10.01897359,0,28
1102,9.762951913,9.514004038,9.762449565,10.01318746,0,28.01
1103,9.756704188,9.507012199,9.756318992,10.00702407,0,28.02
1104,9.750483815,9.499831497,9.750149481,10.00074026,0,28.03
1105,9.744290968,9.492819841,9.743849015,9.994689504,0,28.04
1106,9.738125816,9.485975156,9.737854104,9.988720139,0,28.05
1107,9.731988537,9.479299667,9.731709652,9.983438215,0,28.06
1108,9.725879303,9.472678152,9.725660999,9.977981614,0,28.07
1109,9.719798295,9.466225408,9.719734966,9.972874458,0,28.08
1110,9.713745689,9.459111062,9.713774719,9.966745191,0,28.09
1111,9.707721667,9.452283106,9.707824389,9.961088398,0,28.1
1112,9.701726416,9.44564871,9.701965782,9.955521056,0,28.11
1113,9.695760116,9.439121731,9.696248489,9.950301112,0,28.12
1114,9.689822953,9.432502898,9.690314734,9.945170333,0,28.13
1115,9.683915118,9.425890891,9.684398475,9.939012602,0,28.14
1116,9.6780368,9.419561761,9.678583716,9.934088673,0,28.15
1117,9.67218819,9.413033884,9.673058106,9.929227844,0,28.16
1118,9.666369481,9.40605045,9.667225706,9.924375234,0,28.17
1119,9.660580868,9.399298588,9.661463905,9.919311688,0,28.18
1120,9.654822549,9.393086615,9.655909161,9.914587971,0,28.19
1121,9.649094721,9.38653802,9.650231743,9.909888126,0,28.2
1122,9.643397583,9.380302394,9.644402128,9.904593573,0,28.21
1123,9.637731339,9.374170538,9.638833757,9.900283931,0,28.22
1124,9.63209619,9.368013268,9.632998726,9.894970969,0,28.23
1125,9.62649234,9.361988652,9.627394233,9.889527359,0,28.24
1126,9.620919997,9.355687501,9.621826527,9.88430831,0,28.25
1127,9.615379368,9.349375488,9.616560093,9.878952481,0,28.26
1128,9.609870662,9.343095073,9.611241194,9.874391637,0,28.27
1129,9.604394089,9.336990498,9.605571364,9.868776971,0,28.28
1130,9.598949862,9.330613059,9.600379015,9.8637501,0,28.29
1131,9.593538193,9.324139383,9.594811056,9.858708096,0,28.3
1132,9.588159298,9.317727582,9.589335797,9.853657469,0,28.31
1133,9.582813392,9.311308227,9.584238544,9.849391093,0,28.32
1134,9.577500693,9.305245918,9.579022128,9.845225412,0,28.33
1135,9.572221419,9.299218469,9.573834172,9.840551891,0,28.34
1136,9.56697579,9.293379278,9.568748929,9.835480568,0,28.35
1137,9.561764027,9.287332111,9.563502878,9.830951863,0,28.36
1138,9.556586352,9.281683777,9.558406513,9.826382518,0,28.37
1139,9.551442988,9.275170806,9.553240918,9.821702425,0,28.38
1140,9.54633416,9.269351276,9.548294087,9.816838801,0,28.39
1141,9.541260092,9.26361536,9.543280668,9.812405843,0,28.4
1142,9.536221012,9.257792461,9.538403931,9.807999043,0,28.41
1143,9.531217145,9.252232387,9.533433424,9.803784688,0,28.42
1144,9.52624872,9.245973712,9.528498961,9.79938272,0,28.43
1145,9.521315965,9.24028706,9.523548874,9.794975822,0,28.44
1146,9.51641911,9.234646521,9.518719528,9.790417435,0,28.45
1147,9.511558385,9.228952769,9.513806366,9.786752235,0,28.46
1148,9.506734021,9.223364416,9.508905651,9.7833626,0,28.47
1149,9.501946248,9.217583411,9.504104401,9.778992138,0,28.48
1150,9.4971953,9.211643925,9.499612668,9.775111183,0,28.49
1151,9.492481408,9.206059143,9.494919245,9.771419554,0,28.5
1152,9.487804805,9.20086253,9.490391512,9.76792407,0,28.51
1153,9.483165723,9.195636649,9.485812969,9.763887276,0,28.52
1154,9.478564396,9.190428566,9.481316242,9.760345685,0,28.53
1155,9.474001059,9.18460534,9.476870063,9.756568394,0,28.54
1156,9.469475943,9.178808011,9.472291568,9.75314468,0,28.55
1157,9.464989282,9.173750403,9.46801273,9.750076788,0,28.56
1158,9.46054131,9.168216092,9.463576176,9.746473283,0,28.57
1159,9.456132261,9.162986792,9.459114075,9.742323071,0,28.58
1160,9.451762368,9.15815186,9.45462296,9.739176657,0,28.59
1161,9.447431863,9.15274081,9.450199304,9.734817557,0,28.6
1162,9.44314098,9.147286239,9.445910583,9.731195098,0,28.61
1163,9.438889949,9.142126408,9.441477705,9.727342963,0,28.62
1164,9.434679004,9.137365896,9.437368589,9.723952194,0,28.63
1165,9.430508373,9.132288842,9.433112841,9.720850445,0,28.64
1166,9.42637829,9.127195699,9.429086949,9.717358536,0,28.65
1167,9.422288982,9.122857052,9.424934571,9.714381933,0,28.66
1168,9.418240678,9.117891877,9.420923296,9.710965661,0,28.67
1169,9.414233606,9.112953535,9.417096895,9.707542822,0,28.68
1170,9.410267992,9.107532265,9.413246787,9.704573649,0,28.69
1171,9.406344063,9.103061972,9.409241917,9.702023611,0,28.7
1172,9.402462041,9.097986806,9.405195654,9.700040764,0,28.71
1173,9.39862215,9.09321706,9.401294761,9.696956958,0,28.72
1174,9.394824611,9.087751529,9.397402101,9.693672883,0,28.73
1175,9.391069645,9.082531,9.39375392,9.690743043,0,28.74
1176,9.387357467,9.077596427,9.390030799,9.687701771,0,28.75
1177,9.383688297,9.072829534,9.38657092,9.684939133,0,28.76
1178,9.380062347,9.068225709,9.382787485,9.682382104,0,28.77
1179,9.376479831,9.063891788,9.379146374,9.679913157,0,28.78
1180,9.372940958,9.059081556,9.375562744,9.676889923,0,28.79
1181,9.369445937,9.054642976,9.37193963,9.674191104,0,28.8
1182,9.365397318,9.049381745,9.36841112,9.671381219,0,28.81
1183,9.362588272,9.04690451,9.364970784,9.668912705,0,28.82
1184,9.359226031,9.042142024,9.361862351,9.666487986,0,28.83
1185,9.355908452,9.03755428,9.358633726,9.664110253,0,28.84
1186,9.352635728,9.033396998,9.355194291,9.661965134,0,28.85
1187,9.349408052,9.028542999,9.352054561,9.660372059,0,28.86
1188,9.346225614,9.024607759,9.348930093,9.658747408,0,28.87
1189,9.343088602,9.020459752,9.345506198,9.657004281,0,28.88
1190,9.339997197,9.016313901,9.342241712,9.654813329,0,28.89
1191,9.335651802,9.012488286,9.339163897,9.652680188,0,28.9
1192,9.333951927,9.008533218,9.336209392,9.650531032,0,28.91
1193,9.330998411,9.004389091,9.333339906,9.649370755,0,28.92
1194,9.328091203,9.000433551,9.330328085,9.647352548,0,28.93
1195,9.325230466,8.996146378,9.327686528,9.645764541,0,28.94
1196,9.322416363,8.992204421,9.324586162,9.644026799,0,28.95
1197,9.319649051,8.987783936,9.32178164,9.64298436,0,28.96
1198,9.316352232,8.983486526,9.319532347,9.641012612,0,28.97
1199,9.314255401,8.979814773,9.316805815,9.640089773,0,28.98
1200,9.310952949,8.975231398,9.314137555,9.63899223,0,28.99
1201,9.309050716,8.971289792,9.311590278,9.63721962,0,29
1202,9.306519572,8.967498203,9.309115888,9.635764252,0,29.01
1203,9.304036061,8.963731714,9.306686387,9.633885237,0,29.02
1204,9.301600343,8.959493315,9.304364092,9.63232976,0,29.03
1205,9.299212506,8.955764972,9.301903371,9.630738878,0,29.04
1206,9.296872675,8.951871412,9.299801038,9.629750033,0,29.05
1207,9.294580965,8.947891625,9.297541849,9.628360062,0,29.06
1208,9.292337472,8.944004192,9.295362895,9.626972018,0,29.07
1209,9.290142305,8.93985511,9.293271041,9.626158953,0,29.08
1210,9.287995554,8.93611587,9.291298572,9.625451285,0,29.09
1211,9.285897309,8.932570046,9.288989431,9.624126425,0,29.1
1212,9.283847654,8.929395724,9.28659545,9.624047409,0,29.11
1213,9.28124294,8.925563847,9.284432539,9.623991624,0,29.12
1214,9.27989441,8.922542413,9.282176744,9.623202916,0,29.13
1215,9.276648945,8.918468715,9.280263718,9.622363379,0,29.14
1216,9.276136406,8.915363986,9.278381306,9.621930359,0,29.15
1217,9.274330691,8.91262224,9.276673099,9.621498021,0,29.16
1218,9.272573966,8.909246787,9.274636691,9.621404315,0,29.17
1219,9.270866245,8.905718039,9.272932986,9.620817276,0,29.18
1220,9.269207553,8.902946711,9.271119765,9.620021745,0,29.19
1221,9.266893738,8.90028113,9.269702111,9.619810221,0,29.2
1222,9.265398807,8.89754439,9.267908699,9.619905583,0,29.21
1223,9.264525934,8.89460049,9.266294344,9.619375259,0,29.22
1224,9.262412044,8.890638796,9.264912567,9.619494363,0,29.23
1225,9.261650261,8.888522859,9.263305107,9.618991223,0,29.24
1226,9.26028606,8.885383476,9.262181633,9.618606406,0,29.25
1227,9.258970939,8.881214663,9.260788564,9.618868249,0,29.26
1228,9.257704872,8.880157973,9.259430947,9.61990929,0,29.27
1229,9.256487812,8.877879639,9.258008257,9.621181733,0,29.28
1230,9.255319728,8.874947114,9.257006165,9.621872893,0,29.29
1231,9.25420059,8.873103707,9.256307412,9.62248723,0,29.3
1232,9.253130315,8.870731313,9.255464534,9.623295869,0,29.31
1233,9.252108868,8.867871644,9.254046327,9.623767248,0,29.32
1234,9.251136172,8.864711441,9.253180432,9.624212673,0,29.33
1235,9.250212149,8.862687348,9.252194934,9.624737796,0,29.34
1236,9.249336718,8.860551833,9.251060675,9.626245791,0,29.35
1237,9.248509783,8.857020145,9.249956314,9.627768423,0,29.36
1238,9.247731264,8.853722739,9.249136268,9.629129287,0,29.37
1239,9.246346335,8.851105605,9.247779636,9.629869926,0,29.38
1240,9.246318924,8.848853984,9.246912783,9.631165836,0,29.39
1241,9.245684898,8.846674857,9.246370434,9.632642045,0,29.4
1242,9.245098786,8.843620388,9.245630948,9.633209042,0,29.41
1243,9.243906219,8.840223513,9.244986572,9.635005206,0,29.42
1244,9.244069756,8.838725658,9.244280731,9.634987869,0,29.43
1245,9.243626554,8.836164506,9.243821474,9.636379996,0,29.44
1246,9.242566208,8.834680432,9.243513916,9.637640858,0,29.45
1247,9.242881718,8.832933304,9.243418024,9.639481893,0,29.46
1248,9.242579837,8.831310559,9.24285541,9.641350708,0,29.47
1249,9.242324741,8.829151281,9.242734099,9.643314457,0,29.48
1250,9.241445634,8.827450479,9.242594667,9.644786998,0,29.49
1251,9.241953994,8.825563884,9.242588302,9.646158746,0,29.5
1252,9.241837787,8.822932326,9.242507419,9.648000191,0,29.51
1253,9.241767606,8.820322974,9.242376088,9.650426039,0,29.52
1254,9.241743055,8.8183658,9.24245222,9.652180773,0,29.53
1255,9.241763833,8.815883515,9.242228095,9.65534052,0,29.54
1256,9.241173952,8.813660933,9.242284266,9.657446121,0,29.55
1257,9.241940698,8.812325306,9.242337286,9.658278198,0,29.56
1258,9.242096354,8.811036032,9.242641447,9.660945984,0,29.57
1259,9.241614802,8.809594442,9.242826226,9.664334945,0,29.58
1260,9.242540104,8.809120855,9.243126853,9.666267638,0,29.59
1261,9.242827874,8.807465599,9.243401582,9.669424421,0,29.6
1262,9.2431591,8.805411615,9.243932166,9.672890025,0,29.61
1263,9.243533184,8.804815627,9.24440466,9.676542873,0,29.62
1264,9.243950306,8.803550357,9.244786745,9.678534627,0,29.63
1265,9.244409916,8.802016236,9.245038039,9.680397874,0,29.64
1266,9.244911598,8.800363149,9.245069978,9.682442299,0,29.65
1267,9.245455149,8.798326733,9.245805215,9.686035272,0,29.66
1268,9.246039964,8.797503232,9.246566713,9.688276149,0,29.67
1269,9.246666035,8.796075652,9.247109633,9.690706682,0,29.68
1270,9.247332663,8.794679249,9.247763126,9.694483402,0,29.69
1271,9.247395691,8.793293789,9.248245248,9.696657141,0,29.7
1272,9.248786526,8.792244074,9.248756793,9.700208189,0,29.71
1273,9.249572801,8.790957932,9.249390654,9.703276948,0,29.72
1274,9.250398128,8.789502809,9.250209141,9.706272558,0,29.73
1275,9.251261963,8.787980861,9.251052118,9.709054446,0,29.74
1276,9.252164341,8.786827564,9.251543065,9.713557053,0,29.75
1277,9.253104112,8.785686341,9.252564717,9.716771482,0,29.76
1278,9.254081419,8.784965786,9.253651919,9.71986969,0,29.77
1279,9.254373573,8.783717863,9.255040256,9.722930413,0,29.78
1280,9.25614634,8.783022585,9.255861431,9.725470453,0,29.79
1281,9.257232718,8.782321151,9.256989804,9.729332848,0,29.8
1282,9.258354152,8.780857994,9.257831549,9.733531187,0,29.81
1283,9.258896757,8.779854821,9.258633898,9.736527442,0,29.82
1284,9.260701797,8.779226204,9.259448443,9.739907157,0,29.83
1285,9.261926793,8.777903104,9.260646937,9.743301351,0,29.84
1286,9.26318506,8.777001596,9.262329205,9.747142295,0,29.85
1287,9.264476366,8.776798161,9.263815269,9.750822869,0,29.86
1288,9.265083701,8.775255739,9.265242369,9.756943985,0,29.87
1289,9.267154756,8.774452825,9.266924487,9.761285407,0,29.88
1290,9.267830547,8.772650381,9.26857684,9.764648074,0,29.89
1291,9.269957649,8.771827531,9.270038435,9.768707748,0,29.9
1292,9.271404452,8.771039865,9.271316648,9.772816444,0,29.91
1293,9.272880661,8.770421224,9.272675445,9.777557449,0,29.92
1294,9.274385445,8.769336001,9.274327458,9.782279044,0,29.93
1295,9.275918586,8.767787433,9.275832472,9.786793999,0,29.94
1296,9.276759016,8.766144458,9.277198576,9.790954775,0,29.95
1297,9.278357489,8.765705678,9.27868287,9.795636116,0,29.96
1298,9.280680801,8.764741918,9.280426844,9.799998594,0,29.97
1299,9.282320491,8.762833995,9.282140116,9.804869437,0,29.98
1300,9.283244829,8.76213669,9.283796305,9.809509714,0,29.99
1301,9.28567371,8.762392221,9.28571559,9.814633845,0,30
